Job_Title,Average_Salary,Years_Experience,Education_Level,AI_Exposure_Index,Tech_Growth_Factor,Automation_Probability_2030,Risk_Category,Skill_1,Skill_2,Skill_3,Skill_4,Skill_5,Skill_6,Skill_7,Skill_8,Skill_9,Skill_10
security guard,45795,28,master's,0.18,1.28,0.85,high,0.45,0.1,0.46,0.33,0.14,0.65,0.06,0.72,0.94,0.0
research scientist,133355,20,phd,0.62,1.11,0.05,low,0.02,0.52,0.4,0.05,0.97,0.23,0.09,0.62,0.38,0.98
construction worker,146216,2,high school,0.86,1.18,0.81,high,0.01,0.94,0.56,0.39,0.02,0.23,0.24,0.68,0.61,0.83
software engineer,136530,13,phd,0.39,0.68,0.6,medium,0.43,0.21,0.57,0.03,0.84,0.45,0.4,0.93,0.73,0.33
financial analyst,70397,22,high school,0.52,1.46,0.64,medium,0.75,0.54,0.59,0.97,0.61,0.28,0.3,0.17,0.02,0.42
ai engineer,92592,11,master's,0.29,0.51,0.1,low,0.71,0.79,0.61,0.93,0.65,0.91,0.85,0.45,0.1,0.37
mechanic,107373,23,phd,0.67,1.09,0.41,medium,0.56,0.38,0.97,0.85,0.72,0.24,0.26,0.04,0.71,0.11
teacher,53419,12,high school,0.2,1.4,0.17,low,0.56,0.7,0.14,0.6,0.54,0.2,0.94,0.6,0.69,0.88
hr specialist,139225,12,master's,0.3,0.61,0.48,medium,0.22,0.42,0.88,0.32,0.12,0.36,0.91,0.27,0.65,0.0
customer support,85016,2,high school,0.01,1.01,0.8,high,0.22,0.12,0.34,0.94,0.32,0.52,0.7,0.36,0.97,0.96
ux researcher,82733,6,high school,0.5,0.8,0.41,medium,0.04,0.61,0.5,0.05,0.28,0.91,0.24,0.14,0.49,0.99
financial analyst,117455,22,high school,0.67,1.26,0.4,medium,0.73,0.37,0.63,0.63,0.54,0.09,0.84,0.32,0.19,0.04
lawyer,79811,27,high school,0.68,0.52,0.5,medium,0.23,0.65,0.17,0.69,0.39,0.94,0.14,0.34,0.11,0.92
data scientist,115981,9,high school,0.26,1.16,0.63,medium,0.56,0.53,0.24,0.09,0.9,0.9,0.63,0.34,0.35,0.73
research scientist,96690,19,master's,0.89,1.28,0.21,low,0.08,0.16,0.9,0.61,0.01,0.1,0.66,0.01,0.16,0.55
graphic designer,32869,2,high school,0.65,0.72,0.58,medium,0.24,0.33,0.75,0.65,0.85,0.66,0.57,0.09,0.37,0.27
teacher,36893,29,bachelor's,0.97,0.89,0.27,low,0.63,0.79,0.5,0.58,0.49,0.2,0.72,0.28,0.02,0.65
teacher,103744,11,bachelor's,0.94,1.45,0.28,low,0.37,0.02,0.93,0.43,0.97,0.96,0.85,0.29,0.39,0.85
retail worker,148015,2,phd,0.17,1.06,0.93,high,0.7,0.57,0.1,0.62,0.99,0.14,0.52,0.88,0.74,0.7
doctor,108069,15,master's,0.55,0.8,0.15,low,0.26,0.61,0.08,0.01,0.63,0.19,0.07,0.4,0.05,0.89
ai engineer,43403,1,high school,0.09,1.08,0.06,low,0.47,0.54,0.29,0.59,0.03,0.04,0.82,0.36,0.13,0.52
hr specialist,49508,27,bachelor's,0.22,1.12,0.33,medium,0.05,0.53,0.54,0.64,0.73,0.98,0.52,0.32,0.8,0.27
teacher,58251,25,phd,0.08,0.53,0.29,low,0.84,0.7,0.41,0.17,0.16,0.25,0.55,0.71,0.66,0.28
financial analyst,33343,28,high school,0.74,1.05,0.54,medium,0.42,0.25,0.36,0.76,0.01,0.12,0.05,0.04,0.86,0.7
ai engineer,125435,15,phd,0.1,0.99,0.17,low,0.17,0.43,0.4,0.62,0.64,0.05,0.37,0.63,0.5,0.86
software engineer,39540,12,high school,0.16,0.57,0.56,medium,0.03,0.59,0.94,0.58,0.39,0.64,0.46,0.55,0.94,0.39
mechanic,68304,7,master's,0.91,0.7,0.33,medium,0.1,0.02,0.09,0.68,0.07,0.32,0.84,0.02,0.81,0.28
customer support,33267,25,phd,0.7,1.13,0.92,high,0.74,0.8,0.28,0.18,0.75,0.81,0.99,0.41,0.37,0.78
hr specialist,89031,22,master's,0.93,1.36,0.47,medium,0.75,0.75,0.1,0.9,0.51,0.83,0.32,0.9,0.39,0.01
hr specialist,102936,18,master's,0.09,0.82,0.68,medium,0.95,0.57,0.63,0.45,0.29,0.33,0.67,0.75,0.79,0.79
teacher,114076,20,master's,0.49,0.56,0.19,low,0.44,0.89,0.35,0.12,0.14,0.76,0.62,0.1,0.08,0.7
retail worker,69081,8,high school,0.82,1.21,0.72,high,0.08,0.99,0.37,0.37,0.81,0.95,0.99,0.75,0.38,0.08
retail worker,102124,11,bachelor's,0.56,0.92,0.93,high,0.11,0.49,0.01,0.47,0.06,0.12,0.12,0.65,0.75,0.58
truck driver,91629,24,high school,0.37,0.79,0.92,high,0.22,0.96,0.01,0.97,0.04,0.89,0.53,0.99,0.07,0.55
teacher,43843,24,phd,0.52,1.13,0.22,low,0.45,0.63,0.58,0.9,0.05,0.28,0.95,0.89,0.46,0.62
mechanic,59703,25,bachelor's,0.19,0.96,0.44,medium,0.58,0.08,0.97,0.99,0.7,0.54,0.31,0.81,0.68,0.16
mechanic,64349,2,bachelor's,0.82,1.45,0.59,medium,0.61,0.42,0.93,0.87,0.05,0.03,0.38,0.81,0.99,0.15
customer support,92292,25,bachelor's,0.38,1.47,0.91,high,0.84,0.47,0.41,0.27,0.06,0.86,0.81,1.0,1.0,0.56
chef,53524,20,phd,0.94,1.35,0.4,medium,0.45,0.13,0.95,0.61,0.23,0.67,0.62,0.36,0.11,0.67
retail worker,88017,21,bachelor's,0.77,1.02,0.91,high,0.55,0.56,0.88,0.4,0.13,0.03,0.76,0.62,0.7,0.21
graphic designer,111317,27,phd,0.98,1.11,0.55,medium,0.55,0.09,0.73,0.55,0.45,0.91,0.3,0.52,0.7,0.8
doctor,144825,23,bachelor's,0.84,1.27,0.07,low,0.05,0.62,0.35,0.21,0.58,0.34,0.54,0.46,0.58,0.4
research scientist,52415,7,phd,0.18,1.2,0.15,low,0.87,0.52,0.97,0.6,0.22,0.82,0.35,0.35,0.03,0.55
construction worker,134680,11,phd,0.21,0.86,0.83,high,0.69,0.04,0.8,0.63,0.08,0.87,0.92,0.06,0.28,0.81
customer support,109714,28,phd,0.99,1.04,0.93,high,0.24,0.76,0.53,0.72,0.06,0.15,0.13,0.69,0.84,0.75
data scientist,97067,12,high school,0.87,0.85,0.46,medium,0.1,0.74,0.18,0.56,0.84,0.09,0.54,0.23,0.34,0.47
construction worker,37561,2,master's,0.65,0.98,0.85,high,0.74,0.56,0.59,0.56,0.38,0.34,0.9,0.61,0.24,0.5
teacher,142581,4,high school,0.93,0.51,0.11,low,0.37,0.49,0.85,0.09,0.81,0.06,0.84,0.05,0.02,0.7
ux researcher,39111,5,bachelor's,0.4,1.47,0.65,medium,0.82,0.26,0.17,0.67,0.93,0.56,0.57,0.28,0.77,0.19
retail worker,72101,3,high school,0.43,1.01,0.76,high,0.11,0.61,0.29,0.58,0.15,0.48,0.53,0.05,0.34,0.13
security guard,117958,9,high school,0.99,0.82,0.9,high,0.25,0.68,0.76,0.6,0.47,0.41,0.35,0.93,0.83,0.97
ai engineer,97444,23,high school,0.99,0.71,0.14,low,0.93,0.72,0.05,0.78,0.83,0.75,0.8,0.83,0.19,0.24
ai engineer,30077,25,high school,0.91,0.82,0.2,low,0.68,0.45,0.71,0.9,0.62,0.54,0.44,0.58,0.36,0.39
ux researcher,148721,13,high school,0.07,0.73,0.52,medium,0.43,0.33,0.73,0.69,0.17,0.88,0.5,0.74,0.57,1.0
customer support,127720,0,high school,0.71,1.28,0.74,high,0.2,0.71,0.49,0.75,0.1,0.54,0.38,0.46,0.6,0.5
data scientist,50103,4,master's,0.49,0.91,0.61,medium,0.01,0.6,0.57,0.72,0.6,0.83,0.96,0.34,0.23,0.42
graphic designer,145033,13,high school,0.61,1.41,0.36,medium,0.1,0.26,0.73,0.59,0.1,0.92,0.79,0.02,0.65,0.77
doctor,95310,25,bachelor's,0.07,0.58,0.08,low,0.84,0.91,0.12,0.24,0.17,0.19,0.84,0.33,0.31,0.23
mechanic,93374,20,master's,0.38,1.24,0.38,medium,0.79,0.6,0.11,0.41,0.86,0.92,0.47,0.48,0.92,0.59
research scientist,71914,11,master's,0.91,0.75,0.19,low,0.17,0.03,0.31,0.78,0.28,0.22,0.21,0.52,0.98,0.46
financial analyst,132547,21,phd,0.86,1.04,0.37,medium,0.3,0.31,0.4,0.43,0.8,0.35,0.47,0.62,0.38,0.84
ux researcher,119106,17,master's,0.29,1.21,0.51,medium,0.53,0.48,0.5,0.77,0.1,0.33,0.08,0.75,0.27,0.9
ux researcher,82603,0,high school,0.03,0.66,0.59,medium,0.66,0.03,0.22,0.23,0.67,0.02,0.1,0.8,0.18,0.65
security guard,131358,7,bachelor's,0.1,0.74,0.88,high,0.86,0.83,0.4,0.67,0.2,0.29,0.9,0.01,0.09,0.21
security guard,83394,15,high school,0.18,1.08,0.81,high,0.89,0.82,0.34,0.26,0.38,0.59,0.27,0.62,0.41,0.55
nurse,92516,11,bachelor's,0.22,1.47,0.24,low,0.11,0.57,0.99,0.47,0.18,0.48,0.51,0.74,0.7,0.4
graphic designer,53752,21,master's,0.65,0.92,0.35,medium,0.9,0.69,0.68,0.82,0.53,0.82,0.5,0.07,0.41,0.5
ai engineer,108411,22,phd,0.11,0.64,0.12,low,0.27,0.73,0.25,0.63,0.49,0.57,0.84,0.4,0.77,0.42
chef,116145,27,master's,0.96,0.68,0.34,medium,0.77,0.07,0.84,0.44,0.92,0.72,0.61,0.95,0.4,0.95
data scientist,124613,4,high school,0.48,0.77,0.52,medium,0.16,0.84,0.85,0.96,0.15,0.62,0.47,0.34,0.35,0.41
marketing manager,30060,10,phd,0.6,0.96,0.33,medium,0.08,0.0,0.97,0.01,0.1,0.31,0.81,0.96,0.79,0.69
marketing manager,87134,11,high school,0.54,1.37,0.59,medium,0.81,0.66,0.69,0.85,0.25,0.49,0.22,0.99,0.94,0.04
construction worker,67641,15,phd,0.93,0.68,0.84,high,0.92,0.03,0.7,0.3,0.92,0.97,0.94,0.47,0.86,0.84
research scientist,67265,26,master's,0.83,0.54,0.2,low,0.23,0.12,0.08,0.7,0.34,0.72,0.07,0.32,0.54,0.79
customer support,145608,12,master's,0.63,1.39,0.85,high,0.23,0.02,0.87,0.02,0.87,0.53,0.94,0.8,1.0,0.35
mechanic,59629,16,high school,0.4,0.98,0.55,medium,0.87,0.98,0.77,0.42,0.42,0.74,0.24,0.11,0.35,0.29
data scientist,85619,17,bachelor's,0.23,0.54,0.31,medium,0.99,0.43,0.38,0.68,0.22,0.95,0.79,0.09,0.42,0.88
software engineer,136506,29,phd,0.61,0.67,0.7,medium,0.23,0.94,0.65,0.61,0.51,0.23,0.18,0.22,0.19,0.78
research scientist,148533,4,high school,0.06,1.47,0.27,low,0.93,0.99,0.17,0.4,0.76,0.7,0.15,0.82,0.22,0.22
financial analyst,105758,24,bachelor's,0.59,1.08,0.34,medium,0.88,0.27,0.13,0.89,0.96,0.86,0.81,0.66,0.55,0.09
marketing manager,55559,27,master's,0.37,0.76,0.59,medium,0.5,0.08,0.22,0.68,0.08,0.85,0.5,0.48,0.59,0.82
financial analyst,31591,7,master's,0.68,1.07,0.41,medium,0.88,0.8,0.66,0.85,0.87,0.71,0.84,0.7,0.68,0.62
financial analyst,32469,27,master's,0.16,1.38,0.65,medium,0.03,0.83,0.13,0.34,0.74,0.16,0.82,0.83,0.51,0.01
marketing manager,117263,12,bachelor's,0.62,1.48,0.55,medium,0.26,0.63,0.54,0.78,0.11,0.76,0.54,0.96,0.34,0.63
retail worker,121357,4,master's,0.1,1.44,0.87,high,0.07,0.3,0.71,0.07,0.58,0.35,0.62,0.05,0.87,0.97
nurse,54860,11,high school,0.75,0.63,0.24,low,0.02,0.02,0.32,0.49,0.77,0.68,0.45,0.27,1.0,0.43
retail worker,36540,8,phd,0.16,1.29,0.87,high,0.22,0.08,0.68,0.65,0.27,0.95,0.15,0.43,0.94,0.42
retail worker,58602,19,high school,0.4,0.77,0.95,high,0.41,0.89,0.23,0.21,0.03,0.65,0.37,0.86,0.47,0.97
lawyer,69341,24,phd,0.87,1.28,0.61,medium,0.84,0.76,0.63,0.13,0.03,0.92,0.62,0.8,0.48,0.12
doctor,41536,29,phd,0.69,0.93,0.1,low,0.49,0.06,0.58,0.27,0.8,0.31,0.46,0.01,0.07,0.39
marketing manager,113309,14,master's,0.6,0.79,0.58,medium,0.86,0.78,0.04,0.48,0.1,0.24,0.99,0.14,0.5,0.62
ai engineer,78787,0,master's,0.56,0.51,0.13,low,0.52,0.09,0.35,0.03,0.08,0.4,0.13,0.57,0.69,0.8
graphic designer,98577,9,high school,0.17,0.6,0.55,medium,0.71,0.03,0.94,0.05,0.54,0.71,0.87,0.71,0.8,0.34
construction worker,54826,6,master's,0.66,1.05,0.85,high,0.78,0.48,0.04,0.16,0.44,0.72,0.59,0.65,0.48,0.62
marketing manager,61890,22,master's,0.47,1.24,0.65,medium,0.43,0.04,0.16,0.02,0.65,0.33,0.54,0.49,0.08,0.4
hr specialist,75500,28,bachelor's,0.42,0.7,0.64,medium,0.17,0.96,0.42,0.85,0.63,0.74,0.77,0.5,0.54,0.51
truck driver,95128,3,phd,0.03,0.9,0.85,high,0.6,0.79,0.66,0.99,0.28,0.36,0.38,0.47,0.84,0.24
ux researcher,49975,3,high school,0.91,0.68,0.4,medium,0.97,0.18,0.85,0.49,0.25,0.87,0.45,0.51,0.36,0.59
chef,75893,16,master's,0.39,1.47,0.4,medium,0.66,0.33,0.77,0.13,0.97,0.45,0.24,0.07,0.17,0.52
hr specialist,106619,29,high school,0.15,0.95,0.54,medium,0.95,0.25,0.36,0.38,0.61,0.36,0.53,0.78,0.71,0.45
hr specialist,113310,14,high school,0.56,1.04,0.31,medium,0.99,0.12,0.23,0.05,0.64,0.22,0.18,0.09,0.1,0.58
ai engineer,55611,9,high school,0.4,0.98,0.22,low,0.02,0.32,0.97,0.58,0.25,0.52,0.34,0.53,0.13,0.13
truck driver,108131,15,bachelor's,0.94,1.23,0.74,high,0.19,0.73,0.16,0.23,0.96,0.26,0.66,0.98,0.37,0.02
research scientist,58625,16,bachelor's,0.83,1.36,0.24,low,0.11,0.8,0.92,0.6,0.94,0.83,0.67,0.58,0.35,0.16
lawyer,47087,5,bachelor's,0.32,1.37,0.7,medium,0.75,0.09,0.29,0.11,0.65,0.77,0.93,0.44,0.9,0.88
customer support,143942,18,bachelor's,0.87,0.88,0.77,high,0.65,0.33,0.63,0.61,0.56,0.38,0.55,0.6,0.55,0.44
mechanic,109973,25,high school,0.59,0.67,0.56,medium,0.76,0.5,0.54,0.95,0.85,0.91,0.81,0.11,0.15,0.53
truck driver,57598,11,phd,0.48,0.89,0.84,high,0.75,0.72,0.52,0.82,0.43,0.9,0.07,0.95,0.65,0.38
doctor,75379,20,bachelor's,0.48,0.69,0.09,low,0.62,0.52,0.67,0.93,0.53,0.58,0.09,0.72,0.4,0.98
hr specialist,130441,24,high school,0.52,0.62,0.64,medium,0.8,0.18,0.3,0.79,0.19,0.92,0.42,0.09,0.82,0.37
ux researcher,72668,9,high school,0.11,0.5,0.56,medium,0.52,0.59,0.79,0.65,0.17,0.36,0.91,0.77,0.56,0.26
data scientist,140641,23,master's,0.82,0.92,0.57,medium,0.1,0.62,0.45,0.59,0.17,0.74,0.86,0.22,0.1,0.02
marketing manager,46014,2,phd,0.61,1.05,0.39,medium,0.39,0.59,0.5,0.99,0.14,0.7,0.4,0.43,0.72,0.69
data scientist,92438,23,bachelor's,0.13,0.6,0.59,medium,0.58,0.27,0.08,0.09,0.89,0.19,0.32,0.23,0.35,0.07
doctor,102240,27,high school,0.07,1.3,0.11,low,0.54,0.88,0.65,0.53,0.32,0.33,0.67,0.99,0.66,0.56
truck driver,39686,29,phd,0.33,1.08,0.72,high,0.96,0.63,0.75,0.17,0.41,0.42,0.82,0.0,0.3,0.98
mechanic,40754,15,phd,0.38,0.62,0.69,medium,0.02,0.74,0.77,0.24,0.67,0.09,0.26,0.79,0.86,0.61
retail worker,40699,5,bachelor's,0.16,0.56,0.73,high,0.23,0.34,0.38,0.35,0.24,0.51,0.83,0.28,0.94,0.87
hr specialist,120373,2,phd,0.79,1.07,0.53,medium,0.39,0.5,0.4,0.54,0.63,0.67,0.53,0.72,0.14,0.21
software engineer,70461,8,high school,0.32,0.52,0.36,medium,0.22,0.96,0.57,0.93,0.58,0.48,0.31,0.61,0.14,0.9
hr specialist,103965,28,high school,0.32,1.45,0.63,medium,0.67,0.12,0.48,0.51,0.23,0.08,0.78,0.12,0.59,0.94
research scientist,58179,17,phd,0.28,1.35,0.05,low,0.02,0.6,0.36,0.39,0.56,0.19,0.21,0.48,0.75,0.62
doctor,125694,8,phd,0.43,0.67,0.07,low,0.78,0.27,0.18,0.69,0.62,0.63,0.23,0.23,0.22,0.17
chef,128723,27,high school,0.85,1.22,0.62,medium,0.4,0.65,0.35,0.53,0.48,0.18,0.39,0.96,0.25,0.13
financial analyst,36548,21,bachelor's,0.79,1.08,0.57,medium,0.19,0.62,0.32,0.83,0.63,0.2,0.06,0.04,0.37,0.27
research scientist,40634,20,phd,0.84,0.6,0.17,low,0.15,0.32,0.74,0.48,0.38,0.39,0.46,0.79,0.89,0.96
hr specialist,62784,23,master's,0.32,1.19,0.48,medium,0.25,0.84,0.04,0.9,0.46,0.64,0.66,0.9,0.64,0.61
nurse,37099,22,high school,0.52,0.65,0.23,low,0.51,0.68,0.04,0.08,0.72,0.07,0.07,0.01,0.96,0.74
graphic designer,74857,13,bachelor's,0.99,1.47,0.68,medium,0.78,0.35,0.41,0.55,0.83,0.07,0.42,0.08,0.51,0.9
data scientist,91063,7,master's,0.62,0.88,0.38,medium,0.12,0.62,0.77,0.64,0.53,0.04,0.97,0.8,0.29,0.98
security guard,89765,12,phd,0.58,1.25,0.9,high,0.66,0.13,0.34,0.93,0.22,0.37,0.43,0.44,0.61,0.94
mechanic,32461,19,high school,0.12,0.7,0.65,medium,0.65,0.29,0.82,0.86,0.85,0.92,0.25,0.76,0.46,0.84
teacher,53911,13,master's,0.78,1.16,0.09,low,0.55,0.98,0.94,0.04,0.16,0.13,0.73,0.82,0.21,0.51
financial analyst,50567,11,bachelor's,0.73,1.04,0.54,medium,0.51,0.3,0.57,0.69,0.87,0.64,0.76,0.16,0.46,0.01
marketing manager,52656,11,bachelor's,0.73,1.49,0.34,medium,0.4,0.8,0.2,0.56,0.73,0.62,0.19,0.36,0.78,0.55
research scientist,77701,9,bachelor's,0.76,0.54,0.24,low,0.2,0.96,0.37,0.33,0.15,0.31,0.88,1.0,0.37,0.45
graphic designer,137539,9,high school,0.89,1.09,0.46,medium,0.41,0.7,0.0,0.62,0.36,0.79,0.09,0.59,0.48,0.64
research scientist,46087,4,high school,0.58,1.06,0.19,low,0.6,0.68,0.8,0.27,0.83,0.5,0.08,0.06,0.33,0.78
lawyer,67861,20,phd,0.79,1.02,0.48,medium,0.15,0.33,0.43,0.09,0.22,0.6,0.74,1.0,0.93,0.64
construction worker,89792,5,master's,0.64,1.29,0.73,high,0.41,0.84,0.38,0.57,0.59,0.18,0.36,0.33,0.03,0.02
chef,36397,21,bachelor's,0.27,1.02,0.42,medium,0.94,0.26,0.43,0.87,0.84,0.19,0.8,0.46,0.48,0.13
data scientist,49715,29,master's,0.73,1.0,0.47,medium,0.73,0.77,0.16,0.61,0.14,0.75,0.66,0.96,0.07,0.06
lawyer,122573,21,high school,0.26,0.75,0.66,medium,0.25,0.27,0.76,0.45,0.78,0.07,0.49,0.03,0.06,0.91
graphic designer,133864,20,master's,0.53,0.91,0.44,medium,0.9,0.02,0.66,0.96,0.56,0.94,0.05,0.42,0.26,0.73
chef,48745,20,master's,0.26,1.15,0.38,medium,0.57,0.46,0.97,0.61,0.35,0.11,0.15,0.23,0.25,0.85
doctor,49446,0,master's,0.52,0.61,0.27,low,0.72,0.07,0.71,0.54,0.08,0.46,0.48,0.17,0.95,0.85
nurse,98673,9,master's,0.46,0.91,0.21,low,0.55,0.06,0.51,0.81,0.46,0.05,0.79,0.2,0.26,0.16
customer support,93870,3,phd,0.76,1.02,0.75,high,0.88,0.88,0.87,0.24,0.45,0.98,0.77,0.03,0.07,0.46
financial analyst,72951,11,high school,0.54,1.0,0.34,medium,0.66,0.82,0.38,0.78,0.96,0.2,0.52,0.29,0.79,0.58
construction worker,37239,22,high school,0.64,0.7,0.92,high,0.52,0.45,0.56,0.17,0.61,0.36,0.9,0.17,0.51,0.6
customer support,149798,7,phd,0.89,1.15,0.74,high,0.44,0.62,0.08,0.88,0.8,0.51,0.97,0.42,0.98,0.67
security guard,149052,1,bachelor's,0.17,1.38,0.81,high,0.16,0.01,0.56,0.53,0.72,0.89,0.08,0.73,0.19,0.86
teacher,39587,5,bachelor's,0.54,1.21,0.13,low,0.47,0.82,0.46,0.36,0.49,0.83,0.34,0.17,0.71,0.83
marketing manager,120301,0,master's,0.24,0.64,0.44,medium,0.45,0.75,0.65,0.62,0.35,0.84,0.47,0.98,0.63,0.13
hr specialist,117969,1,phd,0.31,0.5,0.57,medium,0.17,0.66,0.99,0.07,0.08,0.34,0.87,0.22,0.36,0.07
security guard,39528,20,high school,0.41,1.26,0.93,high,0.23,0.81,0.06,0.9,0.65,0.87,0.0,0.17,0.39,0.38
teacher,95677,3,master's,0.38,0.63,0.15,low,0.8,0.48,0.02,0.42,0.03,0.97,0.13,0.71,0.97,0.83
hr specialist,51778,8,bachelor's,0.84,1.48,0.55,medium,0.56,0.63,0.53,0.64,0.45,0.22,0.12,0.07,0.26,0.05
lawyer,36816,23,high school,0.28,1.32,0.33,medium,0.23,0.73,0.6,0.06,0.88,0.88,0.33,0.34,0.99,0.63
research scientist,53567,28,bachelor's,0.84,0.79,0.16,low,0.27,0.79,0.57,0.66,0.25,0.22,0.49,0.74,0.53,0.03
lawyer,121170,16,bachelor's,0.06,1.46,0.31,medium,0.69,0.08,0.91,0.46,0.14,0.34,0.16,0.17,0.95,0.45
ai engineer,91944,28,bachelor's,0.64,1.18,0.08,low,0.23,0.79,0.97,0.26,0.27,0.47,0.98,0.27,0.41,0.89
security guard,123905,16,bachelor's,0.04,1.1,0.93,high,0.24,0.47,0.45,0.47,0.62,0.47,0.45,0.47,0.59,0.54
teacher,73056,13,master's,0.05,1.33,0.26,low,0.28,0.46,0.44,0.22,0.4,0.04,0.28,0.82,0.28,0.82
truck driver,89156,18,master's,0.88,1.07,0.71,high,0.68,0.04,0.45,0.93,0.17,0.39,0.73,0.88,0.67,0.26
marketing manager,102124,15,phd,0.3,1.22,0.68,medium,0.72,0.86,0.0,0.72,0.83,0.04,0.87,0.26,0.67,0.8
doctor,54995,17,phd,0.09,1.1,0.19,low,0.9,0.4,0.32,0.75,0.41,0.65,0.65,0.89,0.6,0.5
mechanic,100194,21,high school,0.12,0.65,0.37,medium,0.64,0.74,0.53,0.83,0.99,0.82,0.69,0.53,0.45,0.08
lawyer,97534,25,high school,0.91,1.31,0.39,medium,0.47,0.82,0.07,0.39,0.85,0.4,0.08,0.54,0.86,0.59
ux researcher,123547,1,high school,0.38,0.95,0.53,medium,0.76,0.1,0.89,0.01,0.37,0.03,0.39,0.53,0.51,0.17
ai engineer,111926,3,bachelor's,0.04,1.26,0.29,low,0.34,0.52,0.38,0.01,0.39,0.79,0.6,0.1,0.85,0.53
hr specialist,107487,19,bachelor's,0.58,1.06,0.34,medium,0.17,0.97,0.23,0.98,0.53,0.14,0.1,0.21,0.93,0.41
hr specialist,107362,17,master's,0.31,0.65,0.5,medium,0.13,0.84,0.37,0.37,0.47,0.44,0.99,0.55,0.09,0.61
financial analyst,44973,19,master's,0.03,1.47,0.61,medium,0.98,0.48,0.53,0.17,0.25,0.84,0.36,0.83,0.71,0.18
research scientist,30340,13,master's,0.68,0.74,0.26,low,0.54,0.17,0.58,1.0,0.15,0.82,0.21,0.78,0.73,0.3
doctor,104965,24,bachelor's,0.79,0.96,0.23,low,0.15,0.85,0.71,0.91,0.13,0.59,0.6,0.35,0.46,0.04
truck driver,74789,10,master's,0.55,0.56,0.87,high,0.47,0.03,0.97,0.95,0.51,0.09,0.75,0.49,0.3,0.49
security guard,88954,0,high school,0.56,0.94,0.85,high,0.92,0.36,0.73,0.89,0.46,0.44,0.6,0.59,0.81,0.48
teacher,78456,7,phd,0.85,0.94,0.26,low,0.89,0.06,0.88,0.45,0.51,0.63,0.93,0.02,0.48,0.69
financial analyst,116698,2,high school,0.69,0.63,0.42,medium,0.36,0.8,0.28,0.21,0.96,0.01,1.0,0.68,0.83,0.29
chef,40886,2,high school,0.74,1.33,0.6,medium,0.14,0.75,0.77,0.66,0.77,0.85,0.61,0.09,0.49,0.08
ai engineer,78511,3,high school,0.41,0.57,0.14,low,0.11,0.81,0.95,0.07,0.96,0.52,0.3,0.08,0.5,0.79
ai engineer,136127,5,master's,0.05,0.57,0.15,low,0.3,0.23,0.28,0.8,0.93,0.41,0.91,0.32,0.48,0.23
truck driver,45592,29,bachelor's,0.98,1.1,0.79,high,0.65,0.12,0.89,0.5,0.45,0.59,0.62,0.07,0.68,0.24
security guard,134859,13,master's,0.82,1.3,0.84,high,0.52,0.14,0.78,0.27,0.5,0.28,0.13,0.63,0.05,0.75
nurse,119678,24,high school,0.0,1.01,0.06,low,0.28,0.71,0.06,0.84,0.0,0.25,0.74,0.32,0.1,0.36
ux researcher,62402,8,master's,0.84,0.81,0.62,medium,0.89,0.43,0.91,0.38,0.96,0.09,0.69,0.49,0.39,0.63
mechanic,53478,9,bachelor's,0.14,0.75,0.65,medium,0.18,0.28,0.13,0.68,0.94,0.27,0.48,0.63,1.0,0.1
lawyer,52005,15,bachelor's,0.39,1.37,0.49,medium,0.11,0.63,0.77,0.0,0.86,0.19,0.55,0.42,0.72,0.37
security guard,82389,10,bachelor's,0.73,1.15,0.9,high,0.75,0.04,0.39,0.93,0.13,0.74,0.97,0.05,0.68,0.47
chef,84336,3,high school,0.09,0.54,0.57,medium,0.82,0.78,0.54,0.1,0.69,0.24,0.91,0.84,0.71,0.95
financial analyst,112594,24,high school,0.74,0.83,0.66,medium,0.27,0.72,0.88,0.04,0.4,0.76,0.45,0.27,0.22,0.13
security guard,85243,26,bachelor's,0.58,0.58,0.8,high,0.37,0.18,0.44,0.33,0.34,0.74,0.22,0.64,0.57,0.57
ux researcher,85668,3,master's,0.55,1.38,0.57,medium,0.55,0.83,0.61,0.29,0.21,0.15,0.9,0.71,0.94,0.6
software engineer,82428,14,bachelor's,0.06,1.17,0.53,medium,0.99,0.24,0.53,0.65,0.64,0.56,0.78,0.2,0.73,0.62
data scientist,107240,25,bachelor's,0.85,0.82,0.41,medium,0.98,0.53,0.91,0.16,0.64,0.81,0.95,0.34,0.72,0.54
ux researcher,120270,8,master's,0.69,1.19,0.67,medium,0.5,0.23,0.04,0.42,0.3,0.76,0.35,0.95,0.96,0.62
ai engineer,74605,21,master's,0.76,1.05,0.1,low,0.46,0.56,0.86,0.48,0.9,0.67,0.14,0.99,0.53,0.39
ux researcher,140059,5,bachelor's,0.11,1.14,0.5,medium,0.41,0.95,0.52,0.22,0.46,0.92,0.18,0.21,0.01,0.01
mechanic,96155,18,bachelor's,0.73,0.86,0.58,medium,0.4,0.95,0.97,0.39,0.85,0.77,0.31,0.23,0.46,0.78
construction worker,131971,23,master's,0.76,1.36,0.85,high,0.84,0.78,0.38,0.55,0.8,0.05,0.81,0.18,0.51,0.81
teacher,57413,4,high school,0.25,0.9,0.27,low,0.0,0.9,0.15,0.99,0.95,0.49,0.51,0.48,0.64,0.09
software engineer,138125,2,bachelor's,0.06,0.94,0.41,medium,0.62,0.99,0.39,0.57,0.42,0.85,0.9,0.88,0.97,0.03
hr specialist,42602,10,phd,0.75,0.73,0.68,medium,0.15,0.68,0.22,0.43,0.72,0.56,0.43,0.33,0.84,0.14
research scientist,110070,14,master's,0.9,1.35,0.15,low,0.76,0.82,0.89,0.54,0.2,0.26,0.3,0.59,0.03,0.64
ux researcher,50954,3,master's,0.3,1.38,0.48,medium,0.1,0.83,0.05,0.73,0.77,0.35,0.82,0.52,0.46,0.05
customer support,118691,22,phd,0.93,0.89,0.84,high,0.53,0.59,0.06,0.36,0.72,0.2,0.2,0.01,0.44,0.88
lawyer,120453,14,bachelor's,0.19,0.81,0.59,medium,0.64,0.42,0.76,0.61,0.9,0.82,0.25,0.27,0.13,0.34
software engineer,37214,21,phd,0.41,0.72,0.6,medium,0.54,0.15,0.38,0.41,0.75,0.02,0.27,0.52,0.27,0.63
research scientist,139269,24,high school,0.36,1.45,0.21,low,0.13,0.56,0.78,0.71,0.17,0.97,0.45,0.16,0.18,0.1
construction worker,119285,0,phd,0.12,0.63,0.91,high,0.34,0.03,0.05,0.14,0.21,0.67,0.16,0.12,0.76,0.67
research scientist,122268,22,bachelor's,0.55,0.81,0.17,low,0.51,0.39,0.91,0.02,0.78,0.12,0.8,0.62,0.84,0.1
customer support,118791,26,bachelor's,0.5,1.21,0.83,high,0.54,0.43,0.31,0.48,0.12,0.96,0.71,0.95,0.23,0.88
customer support,86408,19,high school,0.68,1.13,0.78,high,0.82,0.5,0.07,0.31,0.94,0.85,0.98,0.63,0.25,0.16
financial analyst,136464,16,phd,0.02,0.89,0.38,medium,0.41,0.93,0.43,0.88,0.61,0.25,0.36,0.08,0.33,0.68
graphic designer,56049,29,bachelor's,0.37,1.44,0.56,medium,0.67,0.63,0.2,0.42,0.75,0.1,0.28,0.28,0.43,0.98
graphic designer,84845,28,phd,0.98,0.6,0.52,medium,0.98,0.56,0.19,0.58,0.2,0.52,0.07,0.61,0.52,0.74
graphic designer,133937,27,master's,0.55,1.19,0.36,medium,0.6,0.17,0.93,0.07,0.43,0.7,0.46,0.09,0.55,0.64
ai engineer,143557,2,high school,0.37,1.06,0.16,low,0.67,0.58,0.53,0.25,0.0,0.17,0.12,0.45,0.61,0.21
data scientist,32994,15,phd,0.01,1.27,0.55,medium,0.37,0.05,0.63,0.39,0.94,0.54,0.94,0.22,0.73,0.62
truck driver,54351,5,phd,0.98,0.6,0.7,medium,0.43,0.09,0.75,0.91,0.43,0.26,0.43,0.72,0.01,0.59
teacher,74816,10,master's,0.64,0.74,0.23,low,0.09,0.2,0.88,0.74,0.01,0.25,0.21,0.27,0.25,0.06
financial analyst,103788,17,bachelor's,0.73,1.11,0.57,medium,0.08,0.95,0.84,0.81,0.82,0.93,0.54,0.2,0.62,0.74
teacher,40103,26,bachelor's,0.52,0.57,0.14,low,0.92,0.58,0.54,0.27,0.37,0.9,0.67,0.79,0.45,0.63
marketing manager,34458,26,high school,0.71,0.93,0.48,medium,0.65,0.94,0.06,0.82,0.29,0.44,0.02,0.3,0.5,0.06
construction worker,59493,23,bachelor's,0.93,0.61,0.89,high,0.41,0.66,0.26,0.16,0.16,0.07,0.19,0.66,0.88,0.81
data scientist,93059,18,high school,0.11,0.79,0.42,medium,0.25,0.52,0.54,0.36,0.35,0.83,0.79,0.31,0.91,0.95
graphic designer,121683,13,phd,0.35,1.01,0.68,medium,0.88,0.1,0.39,0.55,0.5,0.19,0.86,0.68,0.84,0.86
lawyer,46322,29,phd,0.44,1.11,0.36,medium,0.67,0.18,0.69,0.23,0.12,0.17,0.0,0.72,0.73,0.51
software engineer,100293,21,bachelor's,0.08,0.52,0.37,medium,0.89,0.24,0.35,0.11,0.22,0.52,0.61,0.25,0.06,0.39
truck driver,79298,21,bachelor's,0.22,1.46,0.85,high,0.56,0.42,0.43,0.54,0.7,0.7,0.17,0.5,0.41,0.87
construction worker,73937,28,phd,0.53,0.62,0.85,high,0.12,0.34,0.14,0.69,0.21,0.39,0.9,0.2,0.51,0.42
lawyer,146464,29,high school,0.79,0.57,0.49,medium,0.56,0.63,0.69,0.25,0.01,0.72,0.54,0.84,0.82,0.84
retail worker,106274,11,high school,0.33,1.29,0.81,high,0.18,0.85,0.88,0.47,0.08,0.39,0.8,0.9,0.2,0.07
chef,32581,5,phd,0.39,1.04,0.69,medium,0.07,0.65,0.07,0.38,0.8,0.43,1.0,0.56,0.32,0.22
truck driver,142309,13,master's,0.37,0.57,0.79,high,0.46,0.72,0.66,0.71,0.01,0.22,0.66,0.48,0.01,0.8
marketing manager,85612,23,high school,0.55,0.57,0.61,medium,0.58,0.78,0.75,0.8,0.52,0.14,0.67,0.62,0.74,0.17
truck driver,65710,27,bachelor's,0.39,0.66,0.76,high,0.61,0.43,0.77,0.85,0.54,0.76,0.31,0.41,0.71,0.39
security guard,46999,26,master's,0.19,1.1,0.92,high,0.87,0.72,0.75,0.56,0.58,0.13,0.44,0.45,0.96,0.43
customer support,142701,5,phd,0.53,1.14,0.89,high,0.23,0.53,0.83,0.46,0.28,0.65,0.82,0.06,0.78,0.82
teacher,54031,22,phd,0.98,1.29,0.24,low,0.75,0.15,0.22,0.46,0.26,0.42,0.89,0.82,0.63,0.86
software engineer,115679,5,phd,0.43,0.7,0.51,medium,0.74,0.44,0.67,0.09,0.75,0.81,0.71,0.97,0.83,0.9
mechanic,63724,26,phd,0.81,1.36,0.7,medium,0.24,0.04,0.41,0.13,0.02,0.36,0.78,0.57,0.31,0.65
ux researcher,131154,21,master's,0.01,1.26,0.55,medium,0.76,0.04,0.84,0.62,0.56,0.62,0.86,0.59,0.58,0.99
mechanic,100014,18,bachelor's,0.44,1.21,0.46,medium,0.23,0.6,0.93,0.93,0.34,0.53,0.21,1.0,0.98,0.65
nurse,35232,9,high school,0.72,1.09,0.06,low,0.45,0.67,0.68,0.37,0.94,0.17,0.5,0.69,0.7,0.65
graphic designer,114425,21,phd,0.16,1.14,0.54,medium,0.18,0.71,0.46,0.67,0.84,0.17,0.02,0.78,0.61,0.7
research scientist,116795,7,high school,0.8,1.46,0.18,low,0.49,0.4,0.15,0.57,0.28,0.92,0.58,0.59,0.35,0.05
customer support,53559,28,bachelor's,0.42,0.58,0.85,high,0.88,0.88,0.66,0.21,0.86,0.89,0.2,0.74,0.29,0.8
construction worker,94418,18,master's,0.03,1.4,0.86,high,0.97,0.47,0.85,0.06,0.34,0.07,0.98,0.82,0.85,0.94
data scientist,117954,13,phd,0.39,0.57,0.38,medium,0.23,0.47,0.27,0.1,0.17,0.15,0.97,0.76,0.97,0.44
mechanic,105831,22,master's,0.8,0.83,0.42,medium,0.23,0.13,0.26,0.36,0.67,0.06,0.21,0.81,0.15,0.34
hr specialist,48814,23,bachelor's,0.15,0.58,0.49,medium,0.3,0.56,0.8,0.14,0.58,0.51,0.14,0.62,0.27,0.49
research scientist,147904,0,high school,0.46,0.81,0.26,low,0.06,0.42,0.46,0.73,0.57,0.67,0.78,0.86,0.31,0.54
chef,116694,12,high school,0.99,1.39,0.45,medium,0.2,0.49,0.74,0.49,0.48,0.84,0.36,0.86,0.41,0.33
security guard,74739,26,high school,0.76,0.63,0.75,high,0.95,0.18,0.57,0.58,0.49,0.64,0.23,0.55,0.37,0.66
ai engineer,110357,5,high school,0.85,0.67,0.26,low,0.49,0.41,0.9,0.6,0.58,0.56,0.37,0.79,0.25,0.94
lawyer,44079,26,high school,0.34,1.23,0.53,medium,0.34,0.99,0.03,0.25,0.52,0.52,0.59,0.75,0.62,0.6
ux researcher,103648,19,bachelor's,0.38,0.73,0.41,medium,0.55,0.2,0.29,0.24,0.95,0.94,0.61,0.92,0.79,0.59
ux researcher,143892,16,master's,0.77,1.2,0.55,medium,0.76,0.51,0.7,0.94,0.38,0.71,0.48,0.67,0.76,0.05
data scientist,135296,7,high school,0.23,1.17,0.49,medium,0.77,0.12,0.63,0.28,0.85,0.93,1.0,0.8,0.75,0.22
retail worker,66639,14,master's,0.47,1.27,0.93,high,0.19,0.92,0.7,0.61,0.2,0.06,0.57,0.65,0.21,0.56
graphic designer,105476,20,bachelor's,0.84,1.43,0.45,medium,0.32,0.75,0.43,0.09,0.28,0.42,0.29,0.33,0.29,0.04
ux researcher,71830,27,master's,0.6,1.15,0.38,medium,0.3,0.62,0.6,0.51,0.35,0.91,0.34,0.46,0.68,0.54
software engineer,129555,22,high school,0.44,1.29,0.41,medium,0.14,0.31,0.85,0.09,0.99,0.54,0.98,0.94,0.45,0.2
hr specialist,91576,14,phd,0.16,1.1,0.36,medium,0.97,0.45,0.5,0.25,0.47,0.66,0.75,0.75,0.58,0.9
data scientist,137524,2,phd,0.76,0.56,0.3,low,0.21,0.66,0.41,0.4,0.88,0.9,0.91,0.31,0.69,0.27
retail worker,148360,1,high school,0.18,0.84,0.81,high,0.83,0.12,0.73,0.53,0.29,0.49,0.3,0.6,0.43,0.16
research scientist,55464,25,phd,0.55,1.4,0.14,low,0.73,0.66,0.93,0.82,0.57,0.66,0.9,0.4,0.33,0.01
data scientist,85798,10,high school,0.8,0.6,0.53,medium,0.46,0.12,0.98,0.21,0.07,0.59,0.74,0.03,0.66,0.53
research scientist,133243,6,master's,0.17,1.07,0.12,low,0.94,0.82,0.98,0.26,0.97,0.43,0.35,0.05,0.05,0.69
ai engineer,84710,21,bachelor's,0.23,1.11,0.11,low,0.58,0.36,0.82,0.82,0.48,0.35,0.36,0.81,0.33,0.21
ux researcher,38848,5,phd,0.47,0.98,0.64,medium,0.22,0.38,0.81,0.82,0.38,0.46,0.3,0.93,0.12,0.93
teacher,95942,24,master's,0.6,1.44,0.13,low,0.25,0.65,0.62,0.33,0.93,0.84,0.22,0.24,0.51,0.77
graphic designer,45086,11,high school,0.69,1.15,0.39,medium,0.68,0.94,0.05,0.32,0.44,0.9,0.96,0.44,0.75,0.53
doctor,39343,13,phd,0.28,0.72,0.12,low,0.56,0.03,0.91,0.16,0.22,0.52,0.71,0.1,0.32,0.97
marketing manager,89550,8,bachelor's,0.31,1.34,0.32,medium,0.46,0.38,0.32,0.29,0.09,0.31,0.04,0.78,0.4,0.44
graphic designer,70317,12,high school,0.66,0.51,0.68,medium,0.24,0.11,0.77,0.5,0.43,0.25,0.55,0.27,0.9,0.22
financial analyst,102055,26,bachelor's,0.56,1.33,0.59,medium,0.7,0.32,0.23,0.21,0.86,0.82,0.44,0.13,0.38,0.62
data scientist,145660,26,high school,0.78,1.5,0.38,medium,0.46,0.43,0.3,0.2,0.07,0.89,0.42,0.5,0.92,0.78
data scientist,64785,12,high school,0.57,0.94,0.62,medium,0.72,0.69,0.34,0.8,0.05,0.16,0.34,0.08,0.23,0.83
graphic designer,70149,12,master's,0.3,0.76,0.41,medium,0.28,0.04,0.93,0.21,0.42,0.01,0.86,0.73,0.95,0.78
mechanic,100122,14,phd,0.25,1.2,0.45,medium,0.57,0.01,0.06,0.54,0.57,0.75,0.13,0.51,0.19,0.09
hr specialist,46524,29,high school,0.16,0.72,0.43,medium,0.26,0.09,0.09,0.19,0.05,0.63,0.29,0.28,0.33,0.66
mechanic,82347,28,master's,0.44,0.83,0.46,medium,0.53,0.16,0.57,0.81,0.76,0.15,0.15,0.27,0.36,0.41
research scientist,71743,17,phd,0.06,0.53,0.15,low,0.7,0.19,0.64,0.26,0.89,0.9,0.3,0.23,0.41,0.24
hr specialist,118302,14,high school,0.83,1.17,0.63,medium,0.4,0.16,0.74,0.36,0.67,0.27,0.08,0.99,0.16,0.99
financial analyst,96706,9,phd,0.79,1.16,0.53,medium,0.87,0.29,0.47,0.62,0.41,0.43,0.33,0.56,0.85,0.2
graphic designer,95780,10,master's,0.28,0.63,0.34,medium,0.6,0.52,0.25,0.47,0.49,0.2,0.65,0.78,0.79,0.6
software engineer,78899,11,master's,0.06,0.79,0.34,medium,0.96,0.14,0.15,0.89,0.94,0.77,0.01,0.0,0.38,0.14
chef,92559,28,high school,0.46,1.44,0.43,medium,0.66,0.65,0.25,0.65,0.21,0.12,0.7,0.11,1.0,0.18
security guard,140168,1,phd,0.41,0.63,0.71,high,0.62,0.81,0.84,0.48,0.78,0.67,0.72,0.49,0.63,0.81
software engineer,143857,28,high school,0.81,1.09,0.37,medium,0.02,0.36,0.55,0.84,0.13,0.8,0.86,0.15,0.85,0.99
customer support,37189,13,high school,0.78,1.49,0.85,high,0.31,0.84,0.61,0.58,0.25,0.76,0.08,0.92,0.33,0.13
mechanic,91158,13,high school,0.73,0.82,0.57,medium,0.56,0.34,0.13,0.09,0.83,0.92,0.65,0.1,0.4,0.73
construction worker,52394,13,phd,0.12,0.5,0.88,high,0.36,0.25,0.01,0.54,0.85,0.96,0.57,0.51,0.09,0.55
nurse,50245,1,bachelor's,0.61,0.89,0.11,low,0.09,0.31,0.1,0.18,0.99,0.44,0.53,0.87,1.0,0.58
graphic designer,48624,25,high school,0.48,0.82,0.5,medium,0.86,0.59,0.69,0.36,0.74,0.67,0.12,0.57,0.26,0.8
ai engineer,46626,21,phd,0.99,0.59,0.25,low,0.67,0.77,0.31,0.49,0.8,0.23,0.23,0.55,0.52,0.28
teacher,74950,10,bachelor's,0.28,1.27,0.21,low,0.83,0.98,0.47,0.07,0.05,0.3,0.93,0.52,0.27,0.4
construction worker,130211,5,bachelor's,0.65,0.65,0.94,high,0.54,0.14,0.89,0.07,0.91,1.0,0.7,0.77,0.34,0.94
chef,117460,13,high school,0.73,1.42,0.69,medium,0.83,0.3,0.97,0.63,0.93,0.68,0.31,0.37,0.55,0.79
truck driver,115489,27,master's,0.58,0.85,0.9,high,0.47,0.08,0.17,0.06,0.5,0.11,0.11,0.94,0.87,0.45
software engineer,143880,18,master's,0.0,1.11,0.55,medium,0.46,0.4,0.46,0.41,0.73,0.14,0.2,0.18,0.26,0.53
security guard,41569,5,high school,0.87,0.8,0.74,high,0.68,0.04,0.62,0.7,0.21,0.04,0.36,0.1,0.12,0.25
ux researcher,147027,17,bachelor's,0.53,1.18,0.54,medium,0.15,0.17,0.88,0.56,0.87,0.37,0.61,0.52,0.32,0.47
customer support,111384,3,master's,0.2,0.82,0.9,high,0.92,0.36,0.31,0.2,0.68,0.32,0.99,0.33,0.39,0.6
graphic designer,107463,21,phd,0.47,0.92,0.7,medium,0.01,0.9,0.15,0.79,0.62,0.34,0.87,0.01,0.23,0.57
mechanic,74148,14,phd,0.61,0.52,0.35,medium,0.13,0.19,0.46,0.75,0.91,0.84,0.2,0.44,0.2,0.26
retail worker,59793,28,phd,0.07,0.72,0.93,high,0.47,0.45,0.01,0.25,0.87,0.16,0.42,0.01,0.48,0.02
marketing manager,102095,4,master's,0.6,1.26,0.51,medium,0.23,0.67,0.08,0.44,0.16,0.18,0.2,0.39,0.05,0.4
doctor,112508,28,master's,0.48,0.88,0.26,low,0.15,0.51,0.06,0.07,0.57,0.57,0.88,0.56,0.96,0.05
software engineer,97598,6,high school,0.04,0.69,0.52,medium,0.65,0.05,0.95,0.84,0.3,0.08,0.17,0.13,0.12,0.52
hr specialist,98472,22,bachelor's,0.99,1.18,0.68,medium,0.14,0.38,0.55,0.08,0.0,0.67,0.64,0.41,0.49,0.42
financial analyst,108291,27,phd,0.34,0.68,0.34,medium,0.96,0.6,0.73,0.32,0.39,0.24,0.1,0.18,0.8,0.68
hr specialist,130342,12,bachelor's,0.48,1.42,0.33,medium,0.28,0.35,0.78,0.99,0.24,0.87,0.83,0.22,0.4,0.41
teacher,73894,21,bachelor's,0.18,1.3,0.13,low,0.73,0.42,0.58,0.83,0.8,0.87,0.06,0.69,0.14,0.42
chef,49023,5,master's,0.4,1.02,0.7,medium,0.14,0.68,0.4,0.13,0.16,0.95,0.88,0.91,0.99,0.21
ai engineer,34758,18,phd,0.67,0.98,0.15,low,0.36,0.59,0.58,0.16,0.47,0.55,0.57,0.21,0.74,0.03
customer support,47065,6,bachelor's,0.78,1.06,0.77,high,0.69,0.57,0.8,0.74,0.61,0.49,0.13,0.26,0.42,0.6
research scientist,53464,1,phd,0.29,0.51,0.17,low,0.29,0.73,0.02,0.58,0.94,0.17,0.47,0.09,0.63,0.55
ux researcher,102572,23,high school,0.52,1.4,0.38,medium,0.02,0.86,0.58,0.89,0.6,0.81,0.43,0.75,0.91,0.57
construction worker,67344,1,high school,0.18,1.29,0.8,high,0.44,0.59,0.59,0.07,0.83,0.18,0.72,0.77,0.71,0.58
truck driver,122759,19,phd,0.36,1.1,0.8,high,0.86,0.31,0.29,0.27,0.33,0.56,0.71,0.66,0.81,0.89
customer support,66444,12,master's,0.02,1.24,0.75,high,0.13,0.64,0.32,0.06,0.14,0.0,0.9,0.02,0.21,0.42
software engineer,46932,9,phd,0.91,0.54,0.5,medium,0.68,0.93,0.62,0.8,0.08,0.39,0.37,0.89,0.15,0.15
research scientist,55363,11,bachelor's,0.05,0.68,0.29,low,0.43,0.63,0.73,0.37,0.15,0.21,0.31,0.64,0.4,0.01
doctor,30893,14,phd,0.92,1.31,0.26,low,0.8,0.32,0.77,0.14,0.66,0.64,0.03,0.79,0.9,0.27
graphic designer,84962,7,high school,0.08,1.1,0.49,medium,0.55,0.93,0.87,0.79,0.27,0.91,0.1,0.85,0.33,0.05
mechanic,94173,23,bachelor's,0.23,0.74,0.42,medium,0.06,0.18,0.01,0.45,0.08,0.68,0.24,0.94,0.87,0.29
research scientist,82949,26,bachelor's,0.8,1.49,0.2,low,0.08,0.65,0.62,0.64,0.31,0.86,0.96,0.22,0.09,0.19
construction worker,141738,10,master's,0.68,1.14,0.8,high,0.58,0.31,0.48,0.79,0.98,0.93,0.93,0.4,0.47,0.71
research scientist,80492,16,high school,0.3,0.64,0.2,low,0.31,0.33,0.07,0.35,0.86,0.23,0.7,0.63,0.86,0.13
mechanic,117527,28,phd,0.14,0.51,0.52,medium,0.98,0.37,0.36,0.34,0.52,0.44,0.88,0.51,0.51,0.14
teacher,83639,26,bachelor's,0.25,0.57,0.22,low,0.6,0.42,0.42,0.79,0.2,0.82,0.65,0.42,0.46,0.26
data scientist,66993,3,high school,0.51,0.82,0.54,medium,1.0,0.44,0.92,0.35,0.05,0.2,0.42,0.22,0.0,0.92
security guard,61551,21,bachelor's,0.74,0.67,0.73,high,0.07,0.72,0.93,0.43,0.12,0.51,0.35,0.37,0.62,0.72
research scientist,63896,22,bachelor's,0.04,1.49,0.11,low,0.05,0.19,0.04,0.39,0.8,0.34,0.44,0.68,0.51,0.86
customer support,63686,21,high school,0.01,1.28,0.82,high,0.99,0.48,0.99,0.75,0.25,0.54,0.99,0.86,0.1,0.71
chef,147256,26,bachelor's,0.33,1.45,0.35,medium,0.02,0.9,0.07,0.99,0.95,0.14,0.54,0.18,0.43,0.06
construction worker,103531,2,master's,0.36,0.94,0.94,high,0.81,0.74,0.54,0.84,0.34,0.71,0.99,0.31,0.67,0.84
lawyer,53991,21,phd,0.72,0.78,0.43,medium,0.02,0.76,0.04,0.86,0.12,0.17,0.48,0.74,0.14,0.44
lawyer,39269,7,high school,0.21,0.62,0.63,medium,0.5,0.01,0.8,0.98,0.61,0.5,0.88,0.95,0.75,0.45
financial analyst,149391,18,bachelor's,0.7,0.69,0.48,medium,0.83,0.65,0.41,0.66,0.12,0.4,0.79,0.22,0.19,0.95
ai engineer,124598,14,master's,0.95,0.85,0.06,low,0.18,0.39,0.95,0.14,0.76,0.11,0.98,0.38,0.78,0.34
retail worker,89470,2,phd,0.19,0.65,0.93,high,0.92,0.89,0.63,0.81,0.07,0.33,0.31,0.64,0.36,0.15
retail worker,34321,29,bachelor's,0.81,0.88,0.73,high,0.2,0.24,0.3,0.64,0.6,0.7,0.36,0.82,0.2,0.47
graphic designer,50977,25,phd,0.18,0.61,0.65,medium,0.34,0.68,0.03,0.69,0.32,0.06,0.61,0.24,0.39,0.08
truck driver,62167,13,high school,0.3,0.59,0.93,high,0.01,0.48,0.12,0.31,0.93,0.16,0.97,0.21,0.74,0.55
customer support,108518,28,phd,0.55,1.03,0.75,high,0.17,0.92,0.33,0.37,0.76,0.34,0.95,0.74,0.6,0.88
ux researcher,93752,12,bachelor's,0.26,0.97,0.39,medium,0.74,0.92,0.42,0.34,0.96,0.44,0.49,0.35,0.91,0.57
security guard,77691,16,bachelor's,0.31,1.23,0.9,high,0.83,0.99,0.79,0.6,0.34,0.54,0.04,0.74,0.45,0.02
doctor,59813,15,bachelor's,0.39,1.08,0.17,low,0.62,0.48,0.66,0.22,0.11,0.6,0.48,0.03,0.38,0.11
graphic designer,95603,28,master's,0.4,1.11,0.62,medium,0.3,0.96,0.54,0.62,0.68,0.67,0.51,0.43,0.05,0.02
graphic designer,118150,14,master's,0.33,0.89,0.36,medium,0.74,0.86,0.94,0.49,0.7,0.86,0.42,0.31,0.94,0.52
truck driver,31996,3,bachelor's,0.12,0.83,0.9,high,0.6,0.39,0.47,0.85,0.34,0.87,0.09,0.78,0.85,0.18
construction worker,108015,2,bachelor's,0.17,1.21,0.83,high,0.64,0.2,0.21,0.04,0.32,0.56,0.86,0.67,0.44,0.95
chef,59709,9,bachelor's,0.93,1.03,0.4,medium,0.05,0.73,0.12,0.3,0.53,0.56,0.6,0.17,0.38,0.62
software engineer,33203,17,high school,0.73,1.42,0.6,medium,0.59,0.19,0.67,0.62,0.6,0.49,0.53,0.33,0.52,0.2
marketing manager,39327,7,phd,0.77,0.89,0.5,medium,0.86,0.75,0.81,0.14,0.07,0.89,0.39,0.29,0.72,0.84
construction worker,37868,11,high school,0.32,1.35,0.71,high,0.05,0.62,0.06,0.32,0.67,0.34,0.18,0.28,0.46,0.48
ux researcher,76097,23,high school,0.75,0.96,0.64,medium,0.11,0.26,0.83,0.38,0.98,0.47,0.79,0.4,0.42,0.38
lawyer,117838,6,high school,0.44,1.34,0.4,medium,0.42,0.04,0.45,0.58,0.57,0.33,0.32,0.11,0.37,0.1
lawyer,136931,16,master's,0.97,1.47,0.65,medium,0.6,0.7,0.29,0.63,0.46,0.48,0.76,0.28,0.32,0.92
hr specialist,76900,24,bachelor's,0.49,1.41,0.54,medium,0.55,0.25,0.34,0.85,0.56,0.51,0.1,0.02,0.96,0.38
mechanic,41221,11,phd,0.08,1.18,0.67,medium,0.58,0.13,0.58,0.77,0.41,0.88,0.65,0.9,0.62,0.13
security guard,30654,9,high school,0.48,1.17,0.8,high,0.3,0.63,0.15,0.37,0.21,0.7,0.94,1.0,0.45,0.25
graphic designer,112928,26,high school,0.85,0.71,0.68,medium,0.34,0.99,0.84,0.81,0.32,0.01,0.38,0.3,0.04,0.51
teacher,99444,21,high school,0.63,1.12,0.08,low,0.98,0.19,0.45,0.49,0.81,0.1,0.43,0.63,0.22,0.63
research scientist,115092,18,bachelor's,0.2,1.3,0.23,low,0.06,0.39,0.28,0.3,0.98,0.64,0.72,0.98,0.38,0.8
financial analyst,123122,8,bachelor's,0.87,0.68,0.68,medium,0.22,0.33,0.76,0.39,0.61,0.44,0.74,0.23,0.06,0.3
ai engineer,49177,0,master's,0.17,0.85,0.15,low,0.06,0.58,0.88,0.15,0.6,0.66,0.42,0.7,0.41,0.5
research scientist,107360,23,master's,0.13,1.3,0.18,low,0.75,0.31,0.51,0.86,0.47,0.36,0.54,0.72,0.44,0.94
mechanic,132877,11,master's,0.48,1.26,0.58,medium,0.86,1.0,0.43,0.11,0.03,0.73,0.87,0.22,0.16,0.06
hr specialist,73158,27,high school,0.31,0.9,0.5,medium,0.84,0.65,0.62,0.18,0.51,0.72,0.97,0.2,0.01,0.08
research scientist,87889,1,phd,0.34,1.49,0.17,low,0.18,0.89,0.46,0.71,0.98,0.05,0.1,0.72,0.28,0.18
retail worker,136196,16,master's,0.02,1.27,0.73,high,0.47,0.61,0.43,0.03,0.78,0.01,0.76,0.89,0.43,0.54
financial analyst,133801,11,bachelor's,0.39,1.39,0.66,medium,0.34,0.62,0.93,0.96,0.51,0.45,0.28,0.96,0.14,0.58
security guard,109557,24,bachelor's,0.28,0.9,0.95,high,0.05,0.58,0.08,0.15,0.44,0.51,0.26,0.32,0.09,0.3
teacher,54502,15,phd,0.94,0.83,0.19,low,0.91,0.01,0.81,0.95,0.09,0.16,0.96,0.54,0.01,0.26
graphic designer,128878,29,phd,0.69,1.23,0.7,medium,0.29,0.54,0.53,0.41,0.17,0.98,0.85,0.5,0.6,0.23
ai engineer,136802,23,bachelor's,0.69,1.02,0.3,low,0.61,0.37,0.77,0.17,0.38,0.35,0.43,0.78,0.48,0.79
ai engineer,80901,26,master's,0.34,1.31,0.11,low,0.22,0.5,0.26,0.01,0.65,0.51,0.45,0.97,0.57,0.86
marketing manager,96214,16,phd,0.57,1.37,0.53,medium,0.72,0.37,0.09,0.46,0.39,0.87,0.24,0.97,0.96,0.25
financial analyst,104755,6,phd,0.97,0.94,0.43,medium,0.53,0.69,0.27,0.74,0.05,0.05,0.39,0.35,0.32,0.49
mechanic,134580,11,master's,0.19,0.81,0.69,medium,0.41,0.44,0.58,0.98,0.24,0.68,0.72,0.61,0.09,0.68
mechanic,63477,17,phd,0.6,1.24,0.38,medium,0.84,0.03,0.84,0.46,0.22,0.13,0.95,0.07,0.2,0.35
software engineer,142134,12,phd,0.54,0.63,0.42,medium,0.24,0.21,0.41,0.7,0.22,0.37,0.39,0.98,0.95,0.8
doctor,119080,4,master's,0.07,0.82,0.12,low,0.51,0.78,0.86,0.84,0.36,0.69,0.31,0.06,0.7,0.01
customer support,42467,1,master's,0.33,1.19,0.89,high,0.3,0.81,0.29,0.45,0.73,0.69,0.99,0.23,0.66,0.61
data scientist,100601,0,bachelor's,0.4,0.93,0.53,medium,0.0,0.26,0.52,0.72,0.17,0.55,0.71,0.44,0.03,0.45
customer support,148764,1,high school,0.93,0.62,0.86,high,0.05,0.45,0.55,0.3,0.46,0.16,0.3,0.62,0.3,0.9
nurse,113795,24,phd,0.44,0.54,0.17,low,0.76,0.27,0.81,0.25,0.82,0.09,0.87,0.5,0.3,0.27
chef,45994,15,master's,1.0,0.72,0.34,medium,0.59,0.49,0.52,0.67,0.27,0.91,0.44,0.13,0.74,0.64
ai engineer,66701,25,high school,0.62,0.72,0.16,low,0.9,0.13,0.39,0.82,0.97,0.45,0.51,0.57,0.93,0.86
teacher,63785,18,phd,0.44,0.96,0.25,low,0.6,0.65,1.0,0.07,0.22,0.41,0.35,0.02,0.09,0.68
lawyer,122282,0,high school,0.51,1.04,0.4,medium,0.77,0.75,0.59,0.21,0.1,0.06,0.59,0.83,0.86,0.46
hr specialist,30229,28,master's,0.95,0.78,0.46,medium,0.93,0.34,0.91,0.98,0.66,0.82,0.75,0.7,0.31,0.06
nurse,45620,29,high school,0.67,0.6,0.05,low,0.14,0.72,0.97,0.98,0.49,0.87,0.74,0.5,0.57,0.14
doctor,68104,10,high school,0.35,0.95,0.22,low,0.33,0.25,0.63,0.02,0.72,0.51,0.61,0.63,0.53,0.58
data scientist,78733,25,bachelor's,0.75,1.23,0.65,medium,0.19,0.4,0.95,0.4,0.12,0.53,0.11,0.2,1.0,0.54
data scientist,33320,26,phd,0.27,0.53,0.59,medium,0.63,0.58,0.74,0.68,0.21,0.35,0.13,0.13,0.68,0.86
data scientist,137648,22,phd,0.63,0.68,0.34,medium,0.81,0.58,0.62,0.78,0.7,0.83,0.06,0.75,0.85,0.29
chef,53104,0,master's,0.31,1.46,0.31,medium,0.58,0.17,0.71,0.18,0.24,0.49,0.91,0.21,0.14,0.76
retail worker,69451,3,bachelor's,0.91,0.65,0.86,high,0.23,0.16,0.68,0.59,0.75,0.31,0.45,0.41,0.98,0.29
financial analyst,104854,8,master's,0.35,1.06,0.4,medium,0.92,0.27,0.9,0.1,0.66,0.91,0.17,0.97,0.45,0.95
marketing manager,35147,12,high school,0.3,0.69,0.42,medium,0.09,0.14,0.1,0.42,0.8,0.14,0.13,0.64,0.2,0.1
graphic designer,68563,3,master's,0.92,1.32,0.44,medium,0.66,0.54,0.68,0.68,0.63,0.27,0.04,0.46,0.89,0.57
ai engineer,133496,13,high school,0.34,0.68,0.05,low,0.47,0.69,0.23,0.13,0.89,0.28,0.22,0.86,0.82,0.45
security guard,79692,6,bachelor's,0.22,0.58,0.84,high,0.1,0.45,0.94,0.95,0.24,0.62,0.47,0.88,0.27,0.0
nurse,135585,13,high school,0.35,0.82,0.25,low,0.68,0.3,0.46,0.1,0.9,0.94,0.98,0.87,0.17,0.05
marketing manager,59545,17,bachelor's,0.91,0.68,0.3,low,0.81,0.08,0.41,0.68,0.24,0.08,0.77,0.63,0.99,0.34
data scientist,138777,0,phd,0.3,0.6,0.41,medium,0.82,0.38,0.09,0.34,0.98,0.63,0.42,0.17,0.99,0.82
chef,88760,1,high school,0.07,0.56,0.35,medium,0.58,0.93,0.5,0.84,0.45,0.71,0.73,0.17,0.36,0.64
chef,106870,5,bachelor's,0.58,0.8,0.31,medium,0.63,0.86,0.34,0.39,0.89,0.81,0.71,0.25,0.91,0.15
research scientist,32147,7,bachelor's,0.03,1.14,0.12,low,0.45,0.35,0.17,0.62,0.88,0.96,0.19,0.72,0.66,0.34
software engineer,140463,7,master's,0.69,1.45,0.55,medium,0.44,0.53,0.2,0.75,0.75,0.15,0.88,0.27,0.98,0.38
truck driver,148623,11,bachelor's,0.35,0.94,0.72,high,0.58,0.6,0.74,0.03,0.54,0.05,0.7,0.06,0.91,0.7
research scientist,49360,25,bachelor's,0.44,0.63,0.12,low,0.87,0.9,0.0,0.59,0.72,0.62,0.08,0.22,0.25,0.83
ux researcher,45605,5,master's,0.49,1.43,0.55,medium,0.9,0.46,0.15,0.93,0.46,0.18,0.3,0.05,0.47,0.85
ux researcher,103953,18,master's,0.93,0.63,0.45,medium,0.03,0.86,0.36,0.63,0.71,0.43,0.31,0.96,0.96,0.29
marketing manager,76531,4,high school,0.97,0.5,0.47,medium,0.1,0.51,0.02,0.41,0.22,0.53,1.0,0.8,0.85,0.64
construction worker,139198,27,phd,0.21,1.43,0.79,high,0.1,0.7,0.3,0.27,1.0,0.86,0.41,0.98,0.65,0.74
financial analyst,111199,0,bachelor's,0.12,1.13,0.66,medium,0.62,0.13,0.12,0.84,0.14,0.52,0.04,0.08,0.67,0.69
ux researcher,65321,19,phd,0.22,1.31,0.39,medium,0.54,0.97,0.15,0.94,0.18,0.57,0.38,0.96,0.27,0.4
lawyer,77218,27,high school,0.54,1.0,0.4,medium,0.7,0.01,0.05,0.6,0.34,0.95,0.9,0.71,0.82,0.67
data scientist,39752,1,high school,0.77,0.71,0.43,medium,0.82,0.54,0.86,0.21,0.61,0.08,0.64,0.76,0.58,0.27
ai engineer,34792,14,bachelor's,0.12,1.12,0.28,low,0.21,0.74,0.87,0.52,0.67,0.82,0.26,0.3,0.0,0.96
data scientist,44591,29,master's,0.26,1.37,0.35,medium,0.72,0.1,0.62,0.36,0.79,0.23,0.64,0.24,0.71,0.87
data scientist,35424,17,high school,0.87,1.09,0.35,medium,0.43,0.16,0.7,0.76,0.11,0.51,0.81,0.94,0.51,0.95
data scientist,89789,28,bachelor's,0.39,1.35,0.5,medium,0.47,0.49,0.85,0.83,0.4,0.33,0.49,0.57,0.24,0.79
security guard,38804,1,high school,0.33,0.61,0.76,high,0.95,0.31,0.17,0.46,0.31,0.04,0.32,0.54,0.55,0.36
marketing manager,58400,20,phd,0.97,0.88,0.4,medium,0.24,0.46,0.76,0.21,0.71,0.02,0.42,0.78,0.34,0.56
graphic designer,129525,12,phd,0.74,0.55,0.64,medium,0.2,0.87,0.35,0.72,0.32,0.91,0.13,0.18,0.49,0.08
teacher,145183,23,master's,0.94,1.48,0.14,low,0.92,0.54,0.27,0.7,0.66,0.99,0.27,0.67,0.05,0.11
chef,82066,10,bachelor's,1.0,1.3,0.61,medium,0.51,0.3,0.15,0.28,0.38,0.76,0.54,0.08,0.02,0.1
graphic designer,59059,21,master's,0.93,1.14,0.62,medium,0.47,0.36,0.11,0.88,0.78,0.17,0.51,0.49,0.63,0.95
research scientist,57499,11,bachelor's,0.17,1.22,0.18,low,0.68,0.2,0.75,1.0,0.67,0.49,0.92,0.02,0.73,0.89
financial analyst,122103,8,master's,0.2,1.07,0.56,medium,0.3,0.46,0.28,0.37,0.16,0.89,0.01,0.88,0.57,0.33
teacher,47806,22,master's,0.51,1.0,0.08,low,0.39,0.24,0.02,0.36,0.09,0.26,0.09,0.1,0.2,1.0
ux researcher,104702,10,phd,0.64,0.64,0.67,medium,0.09,0.96,0.61,0.0,0.89,0.52,0.26,0.77,0.93,0.48
teacher,37373,17,bachelor's,0.79,1.18,0.27,low,0.69,0.24,0.93,0.1,0.27,0.52,0.57,0.02,0.78,0.36
graphic designer,98519,27,phd,0.81,0.88,0.32,medium,0.18,0.96,0.07,0.35,0.5,0.49,0.0,0.5,0.38,0.97
retail worker,72578,15,phd,0.35,0.92,0.8,high,0.67,0.22,0.22,0.73,0.5,0.42,0.17,0.19,0.01,0.09
security guard,94280,18,bachelor's,0.89,0.79,0.78,high,0.12,0.39,0.04,0.92,0.67,0.99,0.88,0.47,0.52,0.19
lawyer,43777,10,high school,0.9,0.55,0.65,medium,0.34,0.9,0.94,0.67,0.66,0.45,0.84,0.96,0.78,0.62
nurse,81040,14,master's,0.85,1.04,0.25,low,0.51,0.06,0.38,0.44,0.14,0.1,0.54,0.09,0.3,0.74
chef,97313,6,phd,0.72,1.49,0.58,medium,0.29,0.67,0.7,0.37,0.02,0.7,0.02,0.63,0.16,0.57
mechanic,59092,26,bachelor's,0.01,0.86,0.54,medium,0.85,0.89,0.48,0.73,0.32,0.34,0.19,0.56,0.31,0.08
ux researcher,66613,23,master's,0.71,0.86,0.33,medium,0.43,0.44,0.67,0.32,0.68,0.87,0.24,0.98,0.39,0.27
research scientist,40292,25,phd,0.09,0.63,0.15,low,0.76,0.9,0.66,0.11,0.67,0.64,0.81,0.83,0.87,0.41
nurse,111335,0,master's,0.27,1.5,0.09,low,0.01,0.15,0.78,0.45,0.45,0.96,0.92,0.31,0.21,0.85
research scientist,86747,16,master's,0.54,1.13,0.11,low,0.8,0.63,0.5,0.06,0.92,0.62,0.19,0.61,0.68,0.53
chef,129318,20,master's,0.58,1.45,0.32,medium,0.11,0.17,0.69,0.65,0.89,0.73,0.51,0.99,0.27,0.83
nurse,38789,29,bachelor's,0.65,1.23,0.21,low,0.14,0.44,0.56,0.85,0.44,0.92,0.44,0.55,0.8,0.58
ux researcher,85823,16,high school,0.66,1.02,0.31,medium,0.41,0.3,0.75,0.21,0.21,0.19,0.13,0.31,0.89,0.77
ai engineer,123286,17,high school,0.8,0.77,0.27,low,0.14,0.34,0.59,0.1,0.73,0.39,0.78,0.49,0.18,0.73
financial analyst,63161,23,bachelor's,0.49,0.58,0.55,medium,0.67,0.38,0.95,0.87,0.71,0.71,0.25,0.66,0.2,0.14
data scientist,103889,10,bachelor's,0.62,0.93,0.42,medium,0.6,0.05,0.09,0.03,0.5,0.6,0.06,0.72,0.23,0.69
nurse,135584,11,phd,0.69,1.38,0.29,low,0.49,0.7,0.85,0.36,0.26,0.95,0.73,0.22,0.45,0.8
software engineer,50968,29,high school,0.65,1.25,0.55,medium,0.54,0.75,0.73,0.63,0.36,0.41,0.97,0.11,0.27,0.49
mechanic,137814,16,master's,0.28,0.57,0.58,medium,0.24,0.39,0.44,0.89,0.41,0.15,0.52,0.96,0.61,0.98
mechanic,83015,10,high school,0.04,1.16,0.41,medium,0.56,0.28,0.35,0.92,0.21,0.87,0.03,0.09,0.85,0.63
data scientist,86862,1,bachelor's,0.21,1.04,0.59,medium,0.63,0.47,0.96,0.68,0.91,0.73,0.74,0.08,0.36,0.86
nurse,115501,10,master's,0.93,0.51,0.07,low,0.25,0.67,0.89,0.46,0.61,0.19,0.8,0.97,0.27,0.49
mechanic,141768,0,master's,0.56,1.0,0.36,medium,0.44,0.33,0.52,0.59,0.01,0.76,0.71,0.37,0.05,0.75
truck driver,53524,25,phd,0.24,0.82,0.75,high,0.58,0.15,0.36,0.7,0.56,0.39,0.42,0.56,0.01,0.08
doctor,38419,16,high school,0.08,1.21,0.28,low,0.27,0.37,0.57,0.88,0.94,0.74,0.09,0.67,0.41,0.47
graphic designer,94800,4,phd,0.19,1.29,0.48,medium,0.3,0.38,0.85,0.75,0.27,0.12,0.25,0.92,0.58,0.53
lawyer,111976,22,high school,0.37,1.31,0.51,medium,0.12,0.13,0.54,0.94,0.31,0.87,0.76,0.25,0.04,0.1
construction worker,67909,8,high school,0.2,0.87,0.83,high,0.73,0.11,0.41,0.49,0.54,0.82,0.17,0.81,0.69,0.56
ai engineer,46934,6,bachelor's,0.41,0.64,0.22,low,0.52,0.64,0.34,0.91,0.59,0.09,0.45,0.76,0.79,0.49
financial analyst,41586,23,bachelor's,0.27,0.91,0.66,medium,0.9,0.69,0.86,0.09,0.86,0.32,0.18,0.24,0.42,0.25
financial analyst,77013,29,master's,0.13,0.8,0.53,medium,0.44,0.35,0.75,0.89,0.76,0.33,0.74,0.15,0.13,0.35
ux researcher,133693,3,high school,0.25,0.56,0.35,medium,0.86,0.63,0.25,0.56,0.53,0.66,0.23,0.86,0.31,0.69
research scientist,78825,21,bachelor's,0.37,0.85,0.19,low,0.07,0.79,0.22,0.68,0.8,0.56,0.74,0.66,0.36,0.81
software engineer,131505,16,bachelor's,0.57,1.25,0.45,medium,0.3,0.46,0.82,0.93,0.55,0.66,0.9,0.1,0.23,0.71
truck driver,90107,9,bachelor's,0.86,0.92,0.72,high,0.44,0.23,0.29,0.77,0.08,0.83,0.43,0.6,0.09,0.34
hr specialist,71916,28,phd,0.96,1.31,0.48,medium,0.22,0.93,0.34,0.16,0.56,0.94,0.0,0.24,0.94,0.17
retail worker,129794,8,bachelor's,0.57,1.36,0.82,high,0.99,0.68,0.07,0.99,0.41,0.29,0.56,0.3,0.09,0.0
research scientist,82186,8,phd,0.18,1.42,0.17,low,0.06,0.6,0.6,0.06,0.97,0.54,0.56,0.52,0.61,0.26
chef,72531,15,bachelor's,0.51,1.31,0.32,medium,0.6,0.81,0.16,0.02,0.31,0.59,0.14,0.43,0.55,0.6
construction worker,127596,19,phd,0.87,1.44,0.9,high,0.85,0.55,0.83,0.3,0.4,0.32,0.47,0.29,0.96,0.31
retail worker,124826,16,high school,0.53,0.56,0.73,high,0.22,0.46,0.43,0.8,0.74,0.43,0.33,0.32,0.77,0.05
teacher,48320,10,high school,0.8,0.98,0.08,low,0.24,0.93,0.86,0.71,0.48,0.52,0.98,0.97,0.22,0.81
financial analyst,62449,9,master's,0.12,1.46,0.42,medium,0.85,0.39,0.32,0.94,0.36,0.39,0.11,0.67,0.29,0.59
security guard,84097,24,master's,0.72,1.25,0.83,high,0.33,0.84,0.31,0.51,0.4,0.86,0.43,0.39,0.69,0.6
construction worker,64629,28,master's,0.63,0.78,0.93,high,0.63,0.07,0.91,0.96,0.08,0.53,0.3,0.39,0.18,0.58
chef,38859,12,high school,0.5,0.58,0.55,medium,0.34,0.86,0.43,0.19,0.19,0.77,0.27,0.77,0.21,0.32
chef,40082,29,master's,0.94,1.43,0.38,medium,0.36,0.15,0.51,0.46,0.9,0.93,0.38,0.49,0.9,0.81
ux researcher,136153,25,master's,0.32,0.92,0.39,medium,0.2,0.04,0.64,0.26,0.05,0.23,0.8,0.85,0.48,0.42
construction worker,70612,10,master's,0.93,1.15,0.79,high,0.76,0.67,0.53,0.1,0.81,0.87,0.17,0.85,0.88,0.55
software engineer,118444,8,master's,0.38,0.78,0.59,medium,0.86,0.65,0.51,0.16,0.05,0.45,0.05,0.57,0.38,0.76
research scientist,94204,25,bachelor's,0.59,1.04,0.05,low,0.07,0.29,0.88,0.15,0.71,0.97,0.79,0.24,0.91,0.09
doctor,39852,11,high school,0.89,1.14,0.15,low,0.29,0.38,0.51,0.32,0.97,0.93,0.87,0.42,0.69,0.9
nurse,144476,29,high school,0.41,0.61,0.07,low,0.58,0.64,0.85,0.29,0.17,0.38,0.35,0.13,0.67,0.51
software engineer,128336,7,high school,0.35,0.83,0.49,medium,0.88,0.04,0.8,0.37,0.85,0.8,0.35,0.69,0.16,0.9
hr specialist,77598,8,bachelor's,0.46,1.21,0.63,medium,0.24,0.66,0.39,0.37,0.69,0.39,0.35,0.84,0.1,0.68
research scientist,60628,2,high school,0.02,0.67,0.2,low,0.71,0.02,0.04,0.9,0.07,0.89,0.23,0.74,0.31,0.86
data scientist,96188,7,high school,0.4,0.58,0.59,medium,0.62,0.0,0.01,0.81,0.26,0.64,0.45,0.86,0.92,1.0
